﻿{"data":[{"Properties":{"domain":"PWNYFARM.LOCAL","name":"COMPUTERS@PWNYFARM.LOCAL","distinguishedname":"CN=COMPUTERS,DC=PWNYFARM,DC=LOCAL","domainsid":"S-1-5-21-34578074-2152995052-3078664315","highvalue":false},"ChildObjects":[{"ObjectIdentifier":"S-1-5-21-34578074-2152995052-3078664315-1792","ObjectType":"Computer"},{"ObjectIdentifier":"S-1-5-21-34578074-2152995052-3078664315-2108","ObjectType":"Computer"}],"Aces":[{"PrincipalSID":"S-1-5-21-34578074-2152995052-3078664315-512","PrincipalType":"Group","RightName":"Owns","IsInherited":false},{"PrincipalSID":"S-1-5-21-34578074-2152995052-3078664315-512","PrincipalType":"Group","RightName":"WriteDacl","IsInherited":false},{"PrincipalSID":"S-1-5-21-34578074-2152995052-3078664315-512","PrincipalType":"Group","RightName":"WriteOwner","IsInherited":false},{"PrincipalSID":"S-1-5-21-34578074-2152995052-3078664315-519","PrincipalType":"Group","RightName":"GenericAll","IsInherited":true},{"PrincipalSID":"PWNYFARM.LOCAL-S-1-5-32-544","PrincipalType":"Group","RightName":"WriteDacl","IsInherited":true},{"PrincipalSID":"PWNYFARM.LOCAL-S-1-5-32-544","PrincipalType":"Group","RightName":"WriteOwner","IsInherited":true}],"ObjectIdentifier":"0B365914-EB0C-4A78-8DEE-C9C308A6BE55","IsDeleted":false,"IsACLProtected":false,"ContainedBy":null},{"Properties":{"domain":"PWNYFARM.LOCAL","name":"PROGRAM DATA@PWNYFARM.LOCAL","distinguishedname":"CN=PROGRAM DATA,DC=PWNYFARM,DC=LOCAL","domainsid":"S-1-5-21-34578074-2152995052-3078664315","highvalue":false},"ChildObjects":[],"Aces":[{"PrincipalSID":"S-1-5-21-34578074-2152995052-3078664315-512","PrincipalType":"Group","RightName":"Owns","IsInherited":false},{"PrincipalSID":"S-1-5-21-34578074-2152995052-3078664315-512","PrincipalType":"Group","RightName":"GenericAll","IsInherited":false},{"PrincipalSID":"S-1-5-21-34578074-2152995052-3078664315-519","PrincipalType":"Group","RightName":"GenericAll","IsInherited":true},{"PrincipalSID":"PWNYFARM.LOCAL-S-1-5-32-544","PrincipalType":"Group","RightName":"WriteDacl","IsInherited":true},{"PrincipalSID":"PWNYFARM.LOCAL-S-1-5-32-544","PrincipalType":"Group","RightName":"WriteOwner","IsInherited":true}],"ObjectIdentifier":"00099D9C-9C3A-4B08-BD07-AF68A4E55834","IsDeleted":false,"IsACLProtected":false,"ContainedBy":null},{"Properties":{"domain":"PWNYFARM.LOCAL","name":"MANAGED SERVICE ACCOUNTS@PWNYFARM.LOCAL","distinguishedname":"CN=MANAGED SERVICE ACCOUNTS,DC=PWNYFARM,DC=LOCAL","domainsid":"S-1-5-21-34578074-2152995052-3078664315","highvalue":false},"ChildObjects":[],"Aces":[{"PrincipalSID":"S-1-5-21-34578074-2152995052-3078664315-512","PrincipalType":"Group","RightName":"Owns","IsInherited":false},{"PrincipalSID":"S-1-5-21-34578074-2152995052-3078664315-512","PrincipalType":"Group","RightName":"WriteDacl","IsInherited":false},{"PrincipalSID":"S-1-5-21-34578074-2152995052-3078664315-512","PrincipalType":"Group","RightName":"WriteOwner","IsInherited":false},{"PrincipalSID":"S-1-5-21-34578074-2152995052-3078664315-519","PrincipalType":"Group","RightName":"GenericAll","IsInherited":true},{"PrincipalSID":"PWNYFARM.LOCAL-S-1-5-32-544","PrincipalType":"Group","RightName":"WriteDacl","IsInherited":true},{"PrincipalSID":"PWNYFARM.LOCAL-S-1-5-32-544","PrincipalType":"Group","RightName":"WriteOwner","IsInherited":true}],"ObjectIdentifier":"31B310C0-F006-46C4-8F5B-C9D651B2486C","IsDeleted":false,"IsACLProtected":false,"ContainedBy":null},{"Properties":{"domain":"PWNYFARM.LOCAL","name":"MEETINGS@PWNYFARM.LOCAL","distinguishedname":"CN=MEETINGS,CN=SYSTEM,DC=PWNYFARM,DC=LOCAL","domainsid":"S-1-5-21-34578074-2152995052-3078664315","highvalue":false},"ChildObjects":[],"Aces":[{"PrincipalSID":"S-1-5-21-34578074-2152995052-3078664315-512","PrincipalType":"Group","RightName":"Owns","IsInherited":false},{"PrincipalSID":"S-1-5-21-34578074-2152995052-3078664315-512","PrincipalType":"Group","RightName":"WriteDacl","IsInherited":false},{"PrincipalSID":"S-1-5-21-34578074-2152995052-3078664315-512","PrincipalType":"Group","RightName":"WriteOwner","IsInherited":false},{"PrincipalSID":"S-1-5-21-34578074-2152995052-3078664315-519","PrincipalType":"Group","RightName":"GenericAll","IsInherited":true},{"PrincipalSID":"PWNYFARM.LOCAL-S-1-5-32-544","PrincipalType":"Group","RightName":"WriteDacl","IsInherited":true},{"PrincipalSID":"PWNYFARM.LOCAL-S-1-5-32-544","PrincipalType":"Group","RightName":"WriteOwner","IsInherited":true}],"ObjectIdentifier":"4EED19C8-4718-4FE2-86BF-B652C061428E","IsDeleted":false,"IsACLProtected":false,"ContainedBy":null},{"Properties":{"domain":"PWNYFARM.LOCAL","name":"RPCSERVICES@PWNYFARM.LOCAL","distinguishedname":"CN=RPCSERVICES,CN=SYSTEM,DC=PWNYFARM,DC=LOCAL","domainsid":"S-1-5-21-34578074-2152995052-3078664315","highvalue":false},"ChildObjects":[],"Aces":[{"PrincipalSID":"S-1-5-21-34578074-2152995052-3078664315-512","PrincipalType":"Group","RightName":"Owns","IsInherited":false},{"PrincipalSID":"S-1-5-21-34578074-2152995052-3078664315-512","PrincipalType":"Group","RightName":"WriteDacl","IsInherited":false},{"PrincipalSID":"S-1-5-21-34578074-2152995052-3078664315-512","PrincipalType":"Group","RightName":"WriteOwner","IsInherited":false},{"PrincipalSID":"S-1-5-21-34578074-2152995052-3078664315-519","PrincipalType":"Group","RightName":"GenericAll","IsInherited":true},{"PrincipalSID":"PWNYFARM.LOCAL-S-1-5-32-544","PrincipalType":"Group","RightName":"WriteDacl","IsInherited":true},{"PrincipalSID":"PWNYFARM.LOCAL-S-1-5-32-544","PrincipalType":"Group","RightName":"WriteOwner","IsInherited":true}],"ObjectIdentifier":"A747F96D-B539-483F-BFDE-6DDA179020CB","IsDeleted":false,"IsACLProtected":false,"ContainedBy":null},{"Properties":{"domain":"PWNYFARM.LOCAL","name":"ADMINSDHOLDER@PWNYFARM.LOCAL","distinguishedname":"CN=ADMINSDHOLDER,CN=SYSTEM,DC=PWNYFARM,DC=LOCAL","domainsid":"S-1-5-21-34578074-2152995052-3078664315","highvalue":false},"ChildObjects":[],"Aces":[{"PrincipalSID":"S-1-5-21-34578074-2152995052-3078664315-512","PrincipalType":"Group","RightName":"Owns","IsInherited":false},{"PrincipalSID":"PWNYFARM.LOCAL-S-1-5-32-544","PrincipalType":"Group","RightName":"WriteDacl","IsInherited":false},{"PrincipalSID":"PWNYFARM.LOCAL-S-1-5-32-544","PrincipalType":"Group","RightName":"WriteOwner","IsInherited":false},{"PrincipalSID":"S-1-5-21-34578074-2152995052-3078664315-512","PrincipalType":"Group","RightName":"WriteDacl","IsInherited":false},{"PrincipalSID":"S-1-5-21-34578074-2152995052-3078664315-512","PrincipalType":"Group","RightName":"WriteOwner","IsInherited":false},{"PrincipalSID":"S-1-5-21-34578074-2152995052-3078664315-519","PrincipalType":"Group","RightName":"WriteDacl","IsInherited":false},{"PrincipalSID":"S-1-5-21-34578074-2152995052-3078664315-519","PrincipalType":"Group","RightName":"WriteOwner","IsInherited":false}],"ObjectIdentifier":"D3EEE948-F009-440F-BED6-9DF6E2598070","IsDeleted":false,"IsACLProtected":true,"ContainedBy":null},{"Properties":{"domain":"PWNYFARM.LOCAL","name":"RAS AND IAS SERVERS ACCESS CHECK@PWNYFARM.LOCAL","distinguishedname":"CN=RAS AND IAS SERVERS ACCESS CHECK,CN=SYSTEM,DC=PWNYFARM,DC=LOCAL","domainsid":"S-1-5-21-34578074-2152995052-3078664315","highvalue":false},"ChildObjects":[],"Aces":[{"PrincipalSID":"S-1-5-21-34578074-2152995052-3078664315-512","PrincipalType":"Group","RightName":"Owns","IsInherited":false},{"PrincipalSID":"S-1-5-21-34578074-2152995052-3078664315-553","PrincipalType":"Group","RightName":"WriteDacl","IsInherited":false},{"PrincipalSID":"S-1-5-21-34578074-2152995052-3078664315-553","PrincipalType":"Group","RightName":"WriteOwner","IsInherited":false},{"PrincipalSID":"S-1-5-21-34578074-2152995052-3078664315-519","PrincipalType":"Group","RightName":"GenericAll","IsInherited":true},{"PrincipalSID":"PWNYFARM.LOCAL-S-1-5-32-544","PrincipalType":"Group","RightName":"WriteDacl","IsInherited":true},{"PrincipalSID":"PWNYFARM.LOCAL-S-1-5-32-544","PrincipalType":"Group","RightName":"WriteOwner","IsInherited":true}],"ObjectIdentifier":"3A68EBC5-D956-4A20-B90C-EA23F703BD0B","IsDeleted":false,"IsACLProtected":false,"ContainedBy":null},{"Properties":{"domain":"PWNYFARM.LOCAL","name":"COMPARTITIONS@PWNYFARM.LOCAL","distinguishedname":"CN=COMPARTITIONS,CN=SYSTEM,DC=PWNYFARM,DC=LOCAL","domainsid":"S-1-5-21-34578074-2152995052-3078664315","highvalue":false},"ChildObjects":[],"Aces":[{"PrincipalSID":"S-1-5-21-34578074-2152995052-3078664315-512","PrincipalType":"Group","RightName":"Owns","IsInherited":false},{"PrincipalSID":"S-1-5-21-34578074-2152995052-3078664315-512","PrincipalType":"Group","RightName":"WriteDacl","IsInherited":false},{"PrincipalSID":"S-1-5-21-34578074-2152995052-3078664315-512","PrincipalType":"Group","RightName":"WriteOwner","IsInherited":false},{"PrincipalSID":"S-1-5-21-34578074-2152995052-3078664315-519","PrincipalType":"Group","RightName":"GenericAll","IsInherited":true},{"PrincipalSID":"PWNYFARM.LOCAL-S-1-5-32-544","PrincipalType":"Group","RightName":"WriteDacl","IsInherited":true},{"PrincipalSID":"PWNYFARM.LOCAL-S-1-5-32-544","PrincipalType":"Group","RightName":"WriteOwner","IsInherited":true}],"ObjectIdentifier":"1BDA893E-01E7-4A45-8F2C-A45F7FD06611","IsDeleted":false,"IsACLProtected":false,"ContainedBy":null},{"Properties":{"domain":"PWNYFARM.LOCAL","name":"SYSTEM@PWNYFARM.LOCAL","distinguishedname":"CN=SYSTEM,DC=PWNYFARM,DC=LOCAL","domainsid":"S-1-5-21-34578074-2152995052-3078664315","highvalue":false},"ChildObjects":[],"Aces":[{"PrincipalSID":"S-1-5-21-34578074-2152995052-3078664315-512","PrincipalType":"Group","RightName":"Owns","IsInherited":false},{"PrincipalSID":"S-1-5-21-34578074-2152995052-3078664315-512","PrincipalType":"Group","RightName":"WriteDacl","IsInherited":false},{"PrincipalSID":"S-1-5-21-34578074-2152995052-3078664315-512","PrincipalType":"Group","RightName":"WriteOwner","IsInherited":false},{"PrincipalSID":"S-1-5-21-34578074-2152995052-3078664315-519","PrincipalType":"Group","RightName":"GenericAll","IsInherited":true},{"PrincipalSID":"PWNYFARM.LOCAL-S-1-5-32-544","PrincipalType":"Group","RightName":"WriteDacl","IsInherited":true},{"PrincipalSID":"PWNYFARM.LOCAL-S-1-5-32-544","PrincipalType":"Group","RightName":"WriteOwner","IsInherited":true}],"ObjectIdentifier":"1DF01B25-4065-40FF-96CF-F28490336993","IsDeleted":false,"IsACLProtected":false,"ContainedBy":null},{"Properties":{"domain":"PWNYFARM.LOCAL","name":"PSPS@PWNYFARM.LOCAL","distinguishedname":"CN=PSPS,CN=SYSTEM,DC=PWNYFARM,DC=LOCAL","domainsid":"S-1-5-21-34578074-2152995052-3078664315","highvalue":false},"ChildObjects":[],"Aces":[{"PrincipalSID":"S-1-5-21-34578074-2152995052-3078664315-512","PrincipalType":"Group","RightName":"Owns","IsInherited":false},{"PrincipalSID":"S-1-5-21-34578074-2152995052-3078664315-512","PrincipalType":"Group","RightName":"GenericAll","IsInherited":false},{"PrincipalSID":"S-1-5-21-34578074-2152995052-3078664315-519","PrincipalType":"Group","RightName":"GenericAll","IsInherited":true},{"PrincipalSID":"PWNYFARM.LOCAL-S-1-5-32-544","PrincipalType":"Group","RightName":"WriteDacl","IsInherited":true},{"PrincipalSID":"PWNYFARM.LOCAL-S-1-5-32-544","PrincipalType":"Group","RightName":"WriteOwner","IsInherited":true}],"ObjectIdentifier":"212F3204-64CF-459E-9949-B0853A63D734","IsDeleted":false,"IsACLProtected":false,"ContainedBy":null},{"Properties":{"domain":"PWNYFARM.LOCAL","name":"COMPARTITIONSETS@PWNYFARM.LOCAL","distinguishedname":"CN=COMPARTITIONSETS,CN=SYSTEM,DC=PWNYFARM,DC=LOCAL","domainsid":"S-1-5-21-34578074-2152995052-3078664315","highvalue":false},"ChildObjects":[],"Aces":[{"PrincipalSID":"S-1-5-21-34578074-2152995052-3078664315-512","PrincipalType":"Group","RightName":"Owns","IsInherited":false},{"PrincipalSID":"S-1-5-21-34578074-2152995052-3078664315-512","PrincipalType":"Group","RightName":"WriteDacl","IsInherited":false},{"PrincipalSID":"S-1-5-21-34578074-2152995052-3078664315-512","PrincipalType":"Group","RightName":"WriteOwner","IsInherited":false},{"PrincipalSID":"S-1-5-21-34578074-2152995052-3078664315-519","PrincipalType":"Group","RightName":"GenericAll","IsInherited":true},{"PrincipalSID":"PWNYFARM.LOCAL-S-1-5-32-544","PrincipalType":"Group","RightName":"WriteDacl","IsInherited":true},{"PrincipalSID":"PWNYFARM.LOCAL-S-1-5-32-544","PrincipalType":"Group","RightName":"WriteOwner","IsInherited":true}],"ObjectIdentifier":"863A2251-A82A-4697-B23D-86780D10BE31","IsDeleted":false,"IsACLProtected":false,"ContainedBy":null},{"Properties":{"domain":"PWNYFARM.LOCAL","name":"FOREIGNSECURITYPRINCIPALS@PWNYFARM.LOCAL","distinguishedname":"CN=FOREIGNSECURITYPRINCIPALS,DC=PWNYFARM,DC=LOCAL","domainsid":"S-1-5-21-34578074-2152995052-3078664315","highvalue":false},"ChildObjects":[],"Aces":[{"PrincipalSID":"S-1-5-21-34578074-2152995052-3078664315-512","PrincipalType":"Group","RightName":"Owns","IsInherited":false},{"PrincipalSID":"S-1-5-21-34578074-2152995052-3078664315-512","PrincipalType":"Group","RightName":"GenericAll","IsInherited":false},{"PrincipalSID":"S-1-5-21-34578074-2152995052-3078664315-519","PrincipalType":"Group","RightName":"GenericAll","IsInherited":true},{"PrincipalSID":"PWNYFARM.LOCAL-S-1-5-32-544","PrincipalType":"Group","RightName":"WriteDacl","IsInherited":true},{"PrincipalSID":"PWNYFARM.LOCAL-S-1-5-32-544","PrincipalType":"Group","RightName":"WriteOwner","IsInherited":true}],"ObjectIdentifier":"944277A0-877E-4B8C-B508-1D8CD0D6E31F","IsDeleted":false,"IsACLProtected":false,"ContainedBy":null},{"Properties":{"domain":"PWNYFARM.LOCAL","name":"MICROSOFT@PWNYFARM.LOCAL","distinguishedname":"CN=MICROSOFT,CN=PROGRAM DATA,DC=PWNYFARM,DC=LOCAL","domainsid":"S-1-5-21-34578074-2152995052-3078664315","highvalue":false},"ChildObjects":[],"Aces":[{"PrincipalSID":"S-1-5-21-34578074-2152995052-3078664315-512","PrincipalType":"Group","RightName":"Owns","IsInherited":false},{"PrincipalSID":"S-1-5-21-34578074-2152995052-3078664315-512","PrincipalType":"Group","RightName":"GenericAll","IsInherited":false},{"PrincipalSID":"S-1-5-21-34578074-2152995052-3078664315-519","PrincipalType":"Group","RightName":"GenericAll","IsInherited":true},{"PrincipalSID":"PWNYFARM.LOCAL-S-1-5-32-544","PrincipalType":"Group","RightName":"WriteDacl","IsInherited":true},{"PrincipalSID":"PWNYFARM.LOCAL-S-1-5-32-544","PrincipalType":"Group","RightName":"WriteOwner","IsInherited":true}],"ObjectIdentifier":"8EEFECAE-2D00-43EB-9AD6-20F6D9EBCC57","IsDeleted":false,"IsACLProtected":false,"ContainedBy":null},{"Properties":{"domain":"PWNYFARM.LOCAL","name":"WINSOCKSERVICES@PWNYFARM.LOCAL","distinguishedname":"CN=WINSOCKSERVICES,CN=SYSTEM,DC=PWNYFARM,DC=LOCAL","domainsid":"S-1-5-21-34578074-2152995052-3078664315","highvalue":false},"ChildObjects":[],"Aces":[{"PrincipalSID":"S-1-5-21-34578074-2152995052-3078664315-512","PrincipalType":"Group","RightName":"Owns","IsInherited":false},{"PrincipalSID":"S-1-5-21-34578074-2152995052-3078664315-512","PrincipalType":"Group","RightName":"WriteDacl","IsInherited":false},{"PrincipalSID":"S-1-5-21-34578074-2152995052-3078664315-512","PrincipalType":"Group","RightName":"WriteOwner","IsInherited":false},{"PrincipalSID":"S-1-5-21-34578074-2152995052-3078664315-519","PrincipalType":"Group","RightName":"GenericAll","IsInherited":true},{"PrincipalSID":"PWNYFARM.LOCAL-S-1-5-32-544","PrincipalType":"Group","RightName":"WriteDacl","IsInherited":true},{"PrincipalSID":"PWNYFARM.LOCAL-S-1-5-32-544","PrincipalType":"Group","RightName":"WriteOwner","IsInherited":true}],"ObjectIdentifier":"56EAF12B-F987-4C1A-A523-BB27BA7346AA","IsDeleted":false,"IsACLProtected":false,"ContainedBy":null},{"Properties":{"domain":"PWNYFARM.LOCAL","name":"MICROSOFTDNS@PWNYFARM.LOCAL","distinguishedname":"CN=MICROSOFTDNS,CN=SYSTEM,DC=PWNYFARM,DC=LOCAL","domainsid":"S-1-5-21-34578074-2152995052-3078664315","highvalue":false},"ChildObjects":[],"Aces":[{"PrincipalSID":"PWNYFARM.LOCAL-S-1-5-9","PrincipalType":"Group","RightName":"WriteDacl","IsInherited":false},{"PrincipalSID":"PWNYFARM.LOCAL-S-1-5-9","PrincipalType":"Group","RightName":"WriteOwner","IsInherited":false},{"PrincipalSID":"S-1-5-21-34578074-2152995052-3078664315-512","PrincipalType":"Group","RightName":"GenericAll","IsInherited":false},{"PrincipalSID":"S-1-5-21-34578074-2152995052-3078664315-1102","PrincipalType":"Group","RightName":"WriteDacl","IsInherited":false},{"PrincipalSID":"S-1-5-21-34578074-2152995052-3078664315-1102","PrincipalType":"Group","RightName":"WriteOwner","IsInherited":false},{"PrincipalSID":"S-1-5-21-34578074-2152995052-3078664315-519","PrincipalType":"Group","RightName":"GenericAll","IsInherited":true},{"PrincipalSID":"PWNYFARM.LOCAL-S-1-5-32-544","PrincipalType":"Group","RightName":"WriteDacl","IsInherited":true},{"PrincipalSID":"PWNYFARM.LOCAL-S-1-5-32-544","PrincipalType":"Group","RightName":"WriteOwner","IsInherited":true}],"ObjectIdentifier":"82F2B0C8-1743-4D38-AC44-61C3A88BA1E6","IsDeleted":false,"IsACLProtected":false,"ContainedBy":null},{"Properties":{"domain":"PWNYFARM.LOCAL","name":"POLICYTYPE@PWNYFARM.LOCAL","distinguishedname":"CN=POLICYTYPE,CN=WMIPOLICY,CN=SYSTEM,DC=PWNYFARM,DC=LOCAL","domainsid":"S-1-5-21-34578074-2152995052-3078664315","highvalue":false},"ChildObjects":[],"Aces":[{"PrincipalSID":"S-1-5-21-34578074-2152995052-3078664315-512","PrincipalType":"Group","RightName":"Owns","IsInherited":false},{"PrincipalSID":"S-1-5-21-34578074-2152995052-3078664315-512","PrincipalType":"Group","RightName":"WriteDacl","IsInherited":false},{"PrincipalSID":"S-1-5-21-34578074-2152995052-3078664315-512","PrincipalType":"Group","RightName":"WriteOwner","IsInherited":false},{"PrincipalSID":"S-1-5-21-34578074-2152995052-3078664315-519","PrincipalType":"Group","RightName":"GenericAll","IsInherited":true},{"PrincipalSID":"S-1-5-21-34578074-2152995052-3078664315-512","PrincipalType":"Group","RightName":"GenericAll","IsInherited":true}],"ObjectIdentifier":"40C11337-DCBE-46DC-80C9-C0AB0A5EF0EA","IsDeleted":false,"IsACLProtected":false,"ContainedBy":null},{"Properties":{"domain":"PWNYFARM.LOCAL","name":"WMIGPO@PWNYFARM.LOCAL","distinguishedname":"CN=WMIGPO,CN=WMIPOLICY,CN=SYSTEM,DC=PWNYFARM,DC=LOCAL","domainsid":"S-1-5-21-34578074-2152995052-3078664315","highvalue":false},"ChildObjects":[],"Aces":[{"PrincipalSID":"S-1-5-21-34578074-2152995052-3078664315-512","PrincipalType":"Group","RightName":"Owns","IsInherited":false},{"PrincipalSID":"S-1-5-21-34578074-2152995052-3078664315-512","PrincipalType":"Group","RightName":"WriteDacl","IsInherited":false},{"PrincipalSID":"S-1-5-21-34578074-2152995052-3078664315-512","PrincipalType":"Group","RightName":"WriteOwner","IsInherited":false},{"PrincipalSID":"S-1-5-21-34578074-2152995052-3078664315-519","PrincipalType":"Group","RightName":"GenericAll","IsInherited":true},{"PrincipalSID":"S-1-5-21-34578074-2152995052-3078664315-512","PrincipalType":"Group","RightName":"GenericAll","IsInherited":true}],"ObjectIdentifier":"C7A40C10-2D0E-433A-A6F3-FF1DA754CF8E","IsDeleted":false,"IsACLProtected":false,"ContainedBy":null},{"Properties":{"domain":"PWNYFARM.LOCAL","name":"POLICYTEMPLATE@PWNYFARM.LOCAL","distinguishedname":"CN=POLICYTEMPLATE,CN=WMIPOLICY,CN=SYSTEM,DC=PWNYFARM,DC=LOCAL","domainsid":"S-1-5-21-34578074-2152995052-3078664315","highvalue":false},"ChildObjects":[],"Aces":[{"PrincipalSID":"S-1-5-21-34578074-2152995052-3078664315-512","PrincipalType":"Group","RightName":"Owns","IsInherited":false},{"PrincipalSID":"S-1-5-21-34578074-2152995052-3078664315-512","PrincipalType":"Group","RightName":"WriteDacl","IsInherited":false},{"PrincipalSID":"S-1-5-21-34578074-2152995052-3078664315-512","PrincipalType":"Group","RightName":"WriteOwner","IsInherited":false},{"PrincipalSID":"S-1-5-21-34578074-2152995052-3078664315-519","PrincipalType":"Group","RightName":"GenericAll","IsInherited":true},{"PrincipalSID":"S-1-5-21-34578074-2152995052-3078664315-512","PrincipalType":"Group","RightName":"GenericAll","IsInherited":true}],"ObjectIdentifier":"2C4780E9-0371-4BC1-856D-AB2B3EE4E7A3","IsDeleted":false,"IsACLProtected":false,"ContainedBy":null},{"Properties":{"domain":"PWNYFARM.LOCAL","name":"POLICIES@PWNYFARM.LOCAL","distinguishedname":"CN=POLICIES,CN=SYSTEM,DC=PWNYFARM,DC=LOCAL","domainsid":"S-1-5-21-34578074-2152995052-3078664315","highvalue":false},"ChildObjects":[],"Aces":[{"PrincipalSID":"S-1-5-21-34578074-2152995052-3078664315-512","PrincipalType":"Group","RightName":"Owns","IsInherited":false},{"PrincipalSID":"S-1-5-21-34578074-2152995052-3078664315-512","PrincipalType":"Group","RightName":"WriteDacl","IsInherited":false},{"PrincipalSID":"S-1-5-21-34578074-2152995052-3078664315-512","PrincipalType":"Group","RightName":"WriteOwner","IsInherited":false},{"PrincipalSID":"S-1-5-21-34578074-2152995052-3078664315-519","PrincipalType":"Group","RightName":"GenericAll","IsInherited":true},{"PrincipalSID":"PWNYFARM.LOCAL-S-1-5-32-544","PrincipalType":"Group","RightName":"WriteDacl","IsInherited":true},{"PrincipalSID":"PWNYFARM.LOCAL-S-1-5-32-544","PrincipalType":"Group","RightName":"WriteOwner","IsInherited":true}],"ObjectIdentifier":"A933B703-E84A-4215-8994-24B20FBB7DAB","IsDeleted":false,"IsACLProtected":false,"ContainedBy":null},{"Properties":{"domain":"PWNYFARM.LOCAL","name":"IP SECURITY@PWNYFARM.LOCAL","distinguishedname":"CN=IP SECURITY,CN=SYSTEM,DC=PWNYFARM,DC=LOCAL","domainsid":"S-1-5-21-34578074-2152995052-3078664315","highvalue":false},"ChildObjects":[],"Aces":[{"PrincipalSID":"S-1-5-21-34578074-2152995052-3078664315-512","PrincipalType":"Group","RightName":"Owns","IsInherited":false},{"PrincipalSID":"S-1-5-21-34578074-2152995052-3078664315-512","PrincipalType":"Group","RightName":"WriteDacl","IsInherited":false},{"PrincipalSID":"S-1-5-21-34578074-2152995052-3078664315-512","PrincipalType":"Group","RightName":"WriteOwner","IsInherited":false},{"PrincipalSID":"S-1-5-21-34578074-2152995052-3078664315-519","PrincipalType":"Group","RightName":"GenericAll","IsInherited":true},{"PrincipalSID":"PWNYFARM.LOCAL-S-1-5-32-544","PrincipalType":"Group","RightName":"WriteDacl","IsInherited":true},{"PrincipalSID":"PWNYFARM.LOCAL-S-1-5-32-544","PrincipalType":"Group","RightName":"WriteOwner","IsInherited":true}],"ObjectIdentifier":"3C6C91D8-1291-4A36-B127-478E62009499","IsDeleted":false,"IsACLProtected":false,"ContainedBy":null},{"Properties":{"domain":"PWNYFARM.LOCAL","name":"SOM@PWNYFARM.LOCAL","distinguishedname":"CN=SOM,CN=WMIPOLICY,CN=SYSTEM,DC=PWNYFARM,DC=LOCAL","domainsid":"S-1-5-21-34578074-2152995052-3078664315","highvalue":false},"ChildObjects":[],"Aces":[{"PrincipalSID":"S-1-5-21-34578074-2152995052-3078664315-512","PrincipalType":"Group","RightName":"Owns","IsInherited":false},{"PrincipalSID":"S-1-5-21-34578074-2152995052-3078664315-512","PrincipalType":"Group","RightName":"GenericAll","IsInherited":false},{"PrincipalSID":"S-1-5-21-34578074-2152995052-3078664315-519","PrincipalType":"Group","RightName":"GenericAll","IsInherited":false}],"ObjectIdentifier":"A777ECE7-9C9C-4DB6-AA77-322EA7374A3B","IsDeleted":false,"IsACLProtected":true,"ContainedBy":null},{"Properties":{"domain":"PWNYFARM.LOCAL","name":"KEYS@PWNYFARM.LOCAL","distinguishedname":"CN=KEYS,DC=PWNYFARM,DC=LOCAL","domainsid":"S-1-5-21-34578074-2152995052-3078664315","highvalue":false},"ChildObjects":[],"Aces":[{"PrincipalSID":"S-1-5-21-34578074-2152995052-3078664315-512","PrincipalType":"Group","RightName":"Owns","IsInherited":false},{"PrincipalSID":"PWNYFARM.LOCAL-S-1-5-9","PrincipalType":"Group","RightName":"GenericAll","IsInherited":false},{"PrincipalSID":"S-1-5-21-34578074-2152995052-3078664315-512","PrincipalType":"Group","RightName":"GenericAll","IsInherited":false},{"PrincipalSID":"S-1-5-21-34578074-2152995052-3078664315-516","PrincipalType":"Group","RightName":"GenericAll","IsInherited":false},{"PrincipalSID":"S-1-5-21-34578074-2152995052-3078664315-519","PrincipalType":"Group","RightName":"GenericAll","IsInherited":false},{"PrincipalSID":"S-1-5-21-34578074-2152995052-3078664315-526","PrincipalType":"Group","RightName":"GenericAll","IsInherited":false},{"PrincipalSID":"S-1-5-21-34578074-2152995052-3078664315-527","PrincipalType":"Group","RightName":"GenericAll","IsInherited":false}],"ObjectIdentifier":"732CC25F-5271-4D8A-83E4-97B762F65FF2","IsDeleted":false,"IsACLProtected":true,"ContainedBy":null},{"Properties":{"domain":"PWNYFARM.LOCAL","name":"WMIPOLICY@PWNYFARM.LOCAL","distinguishedname":"CN=WMIPOLICY,CN=SYSTEM,DC=PWNYFARM,DC=LOCAL","domainsid":"S-1-5-21-34578074-2152995052-3078664315","highvalue":false},"ChildObjects":[],"Aces":[{"PrincipalSID":"S-1-5-21-34578074-2152995052-3078664315-512","PrincipalType":"Group","RightName":"Owns","IsInherited":false},{"PrincipalSID":"S-1-5-21-34578074-2152995052-3078664315-512","PrincipalType":"Group","RightName":"GenericAll","IsInherited":false},{"PrincipalSID":"S-1-5-21-34578074-2152995052-3078664315-519","PrincipalType":"Group","RightName":"GenericAll","IsInherited":false}],"ObjectIdentifier":"712D3055-1753-4DE0-A335-198E2429B9F2","IsDeleted":false,"IsACLProtected":true,"ContainedBy":null},{"Properties":{"domain":"PWNYFARM.LOCAL","name":"USERS@PWNYFARM.LOCAL","distinguishedname":"CN=USERS,DC=PWNYFARM,DC=LOCAL","domainsid":"S-1-5-21-34578074-2152995052-3078664315","highvalue":false},"ChildObjects":[{"ObjectIdentifier":"S-1-5-21-34578074-2152995052-3078664315-500","ObjectType":"User"},{"ObjectIdentifier":"S-1-5-21-34578074-2152995052-3078664315-571","ObjectType":"Group"},{"ObjectIdentifier":"S-1-5-21-34578074-2152995052-3078664315-517","ObjectType":"Group"},{"ObjectIdentifier":"S-1-5-21-34578074-2152995052-3078664315-522","ObjectType":"Group"},{"ObjectIdentifier":"S-1-5-21-34578074-2152995052-3078664315-503","ObjectType":"User"},{"ObjectIdentifier":"S-1-5-21-34578074-2152995052-3078664315-572","ObjectType":"Group"},{"ObjectIdentifier":"S-1-5-21-34578074-2152995052-3078664315-1102","ObjectType":"Group"},{"ObjectIdentifier":"S-1-5-21-34578074-2152995052-3078664315-1103","ObjectType":"Group"},{"ObjectIdentifier":"S-1-5-21-34578074-2152995052-3078664315-512","ObjectType":"Group"},{"ObjectIdentifier":"S-1-5-21-34578074-2152995052-3078664315-515","ObjectType":"Group"},{"ObjectIdentifier":"S-1-5-21-34578074-2152995052-3078664315-516","ObjectType":"Group"},{"ObjectIdentifier":"S-1-5-21-34578074-2152995052-3078664315-514","ObjectType":"Group"},{"ObjectIdentifier":"S-1-5-21-34578074-2152995052-3078664315-513","ObjectType":"Group"},{"ObjectIdentifier":"S-1-5-21-34578074-2152995052-3078664315-519","ObjectType":"Group"},{"ObjectIdentifier":"S-1-5-21-34578074-2152995052-3078664315-527","ObjectType":"Group"},{"ObjectIdentifier":"S-1-5-21-34578074-2152995052-3078664315-498","ObjectType":"Group"},{"ObjectIdentifier":"S-1-5-21-34578074-2152995052-3078664315-520","ObjectType":"Group"},{"ObjectIdentifier":"S-1-5-21-34578074-2152995052-3078664315-501","ObjectType":"User"},{"ObjectIdentifier":"S-1-5-21-34578074-2152995052-3078664315-526","ObjectType":"Group"},{"ObjectIdentifier":"S-1-5-21-34578074-2152995052-3078664315-502","ObjectType":"User"},{"ObjectIdentifier":"S-1-5-21-34578074-2152995052-3078664315-525","ObjectType":"Group"},{"ObjectIdentifier":"S-1-5-21-34578074-2152995052-3078664315-553","ObjectType":"Group"},{"ObjectIdentifier":"S-1-5-21-34578074-2152995052-3078664315-521","ObjectType":"Group"},{"ObjectIdentifier":"S-1-5-21-34578074-2152995052-3078664315-518","ObjectType":"Group"},{"ObjectIdentifier":"S-1-5-21-34578074-2152995052-3078664315-1000","ObjectType":"User"}],"Aces":[{"PrincipalSID":"S-1-5-21-34578074-2152995052-3078664315-512","PrincipalType":"Group","RightName":"Owns","IsInherited":false},{"PrincipalSID":"S-1-5-21-34578074-2152995052-3078664315-512","PrincipalType":"Group","RightName":"WriteDacl","IsInherited":false},{"PrincipalSID":"S-1-5-21-34578074-2152995052-3078664315-512","PrincipalType":"Group","RightName":"WriteOwner","IsInherited":false},{"PrincipalSID":"S-1-5-21-34578074-2152995052-3078664315-519","PrincipalType":"Group","RightName":"GenericAll","IsInherited":true},{"PrincipalSID":"PWNYFARM.LOCAL-S-1-5-32-544","PrincipalType":"Group","RightName":"WriteDacl","IsInherited":true},{"PrincipalSID":"PWNYFARM.LOCAL-S-1-5-32-544","PrincipalType":"Group","RightName":"WriteOwner","IsInherited":true}],"ObjectIdentifier":"F67BD50E-089B-4B20-8022-34FD99B837FD","IsDeleted":false,"IsACLProtected":false,"ContainedBy":null}],"meta":{"methods":62463,"type":"containers","count":24,"version":5}}