﻿{"data":[{"GPOChanges":{"LocalAdmins":[],"RemoteDesktopUsers":[],"DcomUsers":[],"PSRemoteUsers":[],"AffectedComputers":[]},"Properties":{"collected":true},"ChildObjects":[],"Trusts":[],"Links":[],"Aces":[],"ObjectIdentifier":"S-1-5-21-34578074-2152995052-3078664315","IsDeleted":false,"IsACLProtected":false,"ContainedBy":null},{"GPOChanges":{"LocalAdmins":[],"RemoteDesktopUsers":[],"DcomUsers":[],"PSRemoteUsers":[],"AffectedComputers":[{"ObjectIdentifier":"S-1-5-21-34578074-2152995052-3078664315-1001","ObjectType":"Computer"},{"ObjectIdentifier":"S-1-5-21-34578074-2152995052-3078664315-1792","ObjectType":"Computer"},{"ObjectIdentifier":"S-1-5-21-34578074-2152995052-3078664315-2106","ObjectType":"Computer"},{"ObjectIdentifier":"S-1-5-21-34578074-2152995052-3078664315-2107","ObjectType":"Computer"},{"ObjectIdentifier":"S-1-5-21-34578074-2152995052-3078664315-2108","ObjectType":"Computer"}]},"Properties":{"domain":"PWNYFARM.LOCAL","name":"PWNYFARM.LOCAL","distinguishedname":"DC=PWNYFARM,DC=LOCAL","domainsid":"S-1-5-21-34578074-2152995052-3078664315","highvalue":true,"description":null,"whencreated":1674312278,"functionallevel":"2016"},"ChildObjects":[{"ObjectIdentifier":"0B365914-EB0C-4A78-8DEE-C9C308A6BE55","ObjectType":"Container"},{"ObjectIdentifier":"D11973F0-F5F4-4336-962C-29A4BD772C25","ObjectType":"OU"},{"ObjectIdentifier":"944277A0-877E-4B8C-B508-1D8CD0D6E31F","ObjectType":"Container"},{"ObjectIdentifier":"732CC25F-5271-4D8A-83E4-97B762F65FF2","ObjectType":"Container"},{"ObjectIdentifier":"31B310C0-F006-46C4-8F5B-C9D651B2486C","ObjectType":"Container"},{"ObjectIdentifier":"38C9887D-1F93-4C26-84AA-EA7ABDAF8990","ObjectType":"OU"},{"ObjectIdentifier":"082D44BB-80DE-492B-AD31-79BC1C38374A","ObjectType":"OU"},{"ObjectIdentifier":"33A7F194-113F-484F-B4AF-4BB68611E77C","ObjectType":"OU"},{"ObjectIdentifier":"F67BD50E-089B-4B20-8022-34FD99B837FD","ObjectType":"Container"}],"Trusts":[],"Links":[{"IsEnforced":false,"GUID":"465A6B52-D347-40B9-854D-25585A4C3329"},{"IsEnforced":false,"GUID":"8DEE7333-51E7-4481-96AE-F61B73513379"}],"Aces":[{"PrincipalSID":"PWNYFARM.LOCAL-S-1-5-32-544","PrincipalType":"Group","RightName":"Owns","IsInherited":false},{"PrincipalSID":"PWNYFARM.LOCAL-S-1-5-32-544","PrincipalType":"Group","RightName":"WriteDacl","IsInherited":false},{"PrincipalSID":"PWNYFARM.LOCAL-S-1-5-32-544","PrincipalType":"Group","RightName":"WriteOwner","IsInherited":false},{"PrincipalSID":"PWNYFARM.LOCAL-S-1-5-32-544","PrincipalType":"Group","RightName":"AllExtendedRights","IsInherited":false},{"PrincipalSID":"S-1-5-21-34578074-2152995052-3078664315-512","PrincipalType":"Group","RightName":"WriteDacl","IsInherited":false},{"PrincipalSID":"S-1-5-21-34578074-2152995052-3078664315-512","PrincipalType":"Group","RightName":"WriteOwner","IsInherited":false},{"PrincipalSID":"S-1-5-21-34578074-2152995052-3078664315-512","PrincipalType":"Group","RightName":"AllExtendedRights","IsInherited":false},{"PrincipalSID":"S-1-5-21-34578074-2152995052-3078664315-519","PrincipalType":"Group","RightName":"GenericAll","IsInherited":false},{"PrincipalSID":"PWNYFARM.LOCAL-S-1-5-9","PrincipalType":"Group","RightName":"GetChanges","IsInherited":false},{"PrincipalSID":"PWNYFARM.LOCAL-S-1-5-9","PrincipalType":"Group","RightName":"GetChangesInFilteredSet","IsInherited":false},{"PrincipalSID":"PWNYFARM.LOCAL-S-1-5-32-544","PrincipalType":"Group","RightName":"GetChangesAll","IsInherited":false},{"PrincipalSID":"PWNYFARM.LOCAL-S-1-5-32-544","PrincipalType":"Group","RightName":"GetChanges","IsInherited":false},{"PrincipalSID":"PWNYFARM.LOCAL-S-1-5-32-544","PrincipalType":"Group","RightName":"GetChangesInFilteredSet","IsInherited":false},{"PrincipalSID":"S-1-5-21-34578074-2152995052-3078664315-498","PrincipalType":"Group","RightName":"GetChanges","IsInherited":false},{"PrincipalSID":"S-1-5-21-34578074-2152995052-3078664315-516","PrincipalType":"Group","RightName":"GetChangesAll","IsInherited":false}],"ObjectIdentifier":"S-1-5-21-34578074-2152995052-3078664315","IsDeleted":false,"IsACLProtected":false,"ContainedBy":null}],"meta":{"methods":62463,"type":"domains","count":2,"version":5}}