﻿{"data":[{"Properties":{"domain":"PWNYFARM.LOCAL","name":"DEFAULT DOMAIN POLICY@PWNYFARM.LOCAL","distinguishedname":"CN={31B2F340-016D-11D2-945F-00C04FB984F9},CN=POLICIES,CN=SYSTEM,DC=PWNYFARM,DC=LOCAL","domainsid":"S-1-5-21-34578074-2152995052-3078664315","highvalue":false,"description":null,"whencreated":1674312284,"gpcpath":"\\\\PWNYFARM.LOCAL\\SYSVOL\\PWNYFARM.LOCAL\\POLICIES\\{31B2F340-016D-11D2-945F-00C04FB984F9}"},"Aces":[{"PrincipalSID":"S-1-5-21-34578074-2152995052-3078664315-512","PrincipalType":"Group","RightName":"Owns","IsInherited":false},{"PrincipalSID":"S-1-5-21-34578074-2152995052-3078664315-512","PrincipalType":"Group","RightName":"WriteDacl","IsInherited":false},{"PrincipalSID":"S-1-5-21-34578074-2152995052-3078664315-512","PrincipalType":"Group","RightName":"WriteOwner","IsInherited":false},{"PrincipalSID":"S-1-5-21-34578074-2152995052-3078664315-512","PrincipalType":"Group","RightName":"GenericWrite","IsInherited":false},{"PrincipalSID":"S-1-5-21-34578074-2152995052-3078664315-512","PrincipalType":"Group","RightName":"WriteDacl","IsInherited":false},{"PrincipalSID":"S-1-5-21-34578074-2152995052-3078664315-512","PrincipalType":"Group","RightName":"WriteOwner","IsInherited":false},{"PrincipalSID":"S-1-5-21-34578074-2152995052-3078664315-512","PrincipalType":"Group","RightName":"GenericWrite","IsInherited":false},{"PrincipalSID":"S-1-5-21-34578074-2152995052-3078664315-519","PrincipalType":"Group","RightName":"WriteDacl","IsInherited":false},{"PrincipalSID":"S-1-5-21-34578074-2152995052-3078664315-519","PrincipalType":"Group","RightName":"WriteOwner","IsInherited":false},{"PrincipalSID":"S-1-5-21-34578074-2152995052-3078664315-519","PrincipalType":"Group","RightName":"GenericWrite","IsInherited":false}],"ObjectIdentifier":"8DEE7333-51E7-4481-96AE-F61B73513379","IsDeleted":false,"IsACLProtected":true,"ContainedBy":null},{"Properties":{"domain":"PWNYFARM.LOCAL","name":"DEFAULT DOMAIN CONTROLLERS POLICY@PWNYFARM.LOCAL","distinguishedname":"CN={6AC1786C-016F-11D2-945F-00C04FB984F9},CN=POLICIES,CN=SYSTEM,DC=PWNYFARM,DC=LOCAL","domainsid":"S-1-5-21-34578074-2152995052-3078664315","highvalue":false,"description":null,"whencreated":1674312284,"gpcpath":"\\\\PWNYFARM.LOCAL\\SYSVOL\\PWNYFARM.LOCAL\\POLICIES\\{6AC1786C-016F-11D2-945F-00C04FB984F9}"},"Aces":[{"PrincipalSID":"S-1-5-21-34578074-2152995052-3078664315-512","PrincipalType":"Group","RightName":"Owns","IsInherited":false},{"PrincipalSID":"S-1-5-21-34578074-2152995052-3078664315-512","PrincipalType":"Group","RightName":"WriteDacl","IsInherited":false},{"PrincipalSID":"S-1-5-21-34578074-2152995052-3078664315-512","PrincipalType":"Group","RightName":"WriteOwner","IsInherited":false},{"PrincipalSID":"S-1-5-21-34578074-2152995052-3078664315-512","PrincipalType":"Group","RightName":"GenericWrite","IsInherited":false},{"PrincipalSID":"S-1-5-21-34578074-2152995052-3078664315-512","PrincipalType":"Group","RightName":"WriteDacl","IsInherited":false},{"PrincipalSID":"S-1-5-21-34578074-2152995052-3078664315-512","PrincipalType":"Group","RightName":"WriteOwner","IsInherited":false},{"PrincipalSID":"S-1-5-21-34578074-2152995052-3078664315-512","PrincipalType":"Group","RightName":"GenericWrite","IsInherited":false},{"PrincipalSID":"S-1-5-21-34578074-2152995052-3078664315-519","PrincipalType":"Group","RightName":"WriteDacl","IsInherited":false},{"PrincipalSID":"S-1-5-21-34578074-2152995052-3078664315-519","PrincipalType":"Group","RightName":"WriteOwner","IsInherited":false},{"PrincipalSID":"S-1-5-21-34578074-2152995052-3078664315-519","PrincipalType":"Group","RightName":"GenericWrite","IsInherited":false}],"ObjectIdentifier":"64E5F4F0-18CB-4C3B-9B09-E4D766D97005","IsDeleted":false,"IsACLProtected":true,"ContainedBy":null},{"Properties":{"domain":"PWNYFARM.LOCAL","name":"T1 - LOGON RESTRICTIONS@PWNYFARM.LOCAL","distinguishedname":"CN={A511148B-DE61-4577-A006-A60B3884D99D},CN=POLICIES,CN=SYSTEM,DC=PWNYFARM,DC=LOCAL","domainsid":"S-1-5-21-34578074-2152995052-3078664315","highvalue":false,"description":null,"whencreated":1698751541,"gpcpath":"\\\\PWNYFARM.LOCAL\\SYSVOL\\PWNYFARM.LOCAL\\POLICIES\\{A511148B-DE61-4577-A006-A60B3884D99D}"},"Aces":[{"PrincipalSID":"S-1-5-21-34578074-2152995052-3078664315-512","PrincipalType":"Group","RightName":"Owns","IsInherited":false},{"PrincipalSID":"S-1-5-21-34578074-2152995052-3078664315-512","PrincipalType":"Group","RightName":"WriteDacl","IsInherited":false},{"PrincipalSID":"S-1-5-21-34578074-2152995052-3078664315-512","PrincipalType":"Group","RightName":"WriteOwner","IsInherited":false},{"PrincipalSID":"S-1-5-21-34578074-2152995052-3078664315-512","PrincipalType":"Group","RightName":"GenericWrite","IsInherited":false},{"PrincipalSID":"S-1-5-21-34578074-2152995052-3078664315-519","PrincipalType":"Group","RightName":"WriteDacl","IsInherited":false},{"PrincipalSID":"S-1-5-21-34578074-2152995052-3078664315-519","PrincipalType":"Group","RightName":"WriteOwner","IsInherited":false},{"PrincipalSID":"S-1-5-21-34578074-2152995052-3078664315-519","PrincipalType":"Group","RightName":"GenericWrite","IsInherited":false}],"ObjectIdentifier":"C788F4A4-2141-4E77-8B55-7B0A84F53C0F","IsDeleted":false,"IsACLProtected":true,"ContainedBy":null},{"Properties":{"domain":"PWNYFARM.LOCAL","name":"T1 - GENERAL SECURITY BASELINE@PWNYFARM.LOCAL","distinguishedname":"CN={54463868-816D-47D2-8F7A-FF34380A4722},CN=POLICIES,CN=SYSTEM,DC=PWNYFARM,DC=LOCAL","domainsid":"S-1-5-21-34578074-2152995052-3078664315","highvalue":false,"description":null,"whencreated":1698762191,"gpcpath":"\\\\PWNYFARM.LOCAL\\SYSVOL\\PWNYFARM.LOCAL\\POLICIES\\{54463868-816D-47D2-8F7A-FF34380A4722}"},"Aces":[{"PrincipalSID":"S-1-5-21-34578074-2152995052-3078664315-512","PrincipalType":"Group","RightName":"Owns","IsInherited":false},{"PrincipalSID":"S-1-5-21-34578074-2152995052-3078664315-512","PrincipalType":"Group","RightName":"WriteDacl","IsInherited":false},{"PrincipalSID":"S-1-5-21-34578074-2152995052-3078664315-512","PrincipalType":"Group","RightName":"WriteOwner","IsInherited":false},{"PrincipalSID":"S-1-5-21-34578074-2152995052-3078664315-512","PrincipalType":"Group","RightName":"GenericWrite","IsInherited":false},{"PrincipalSID":"S-1-5-21-34578074-2152995052-3078664315-519","PrincipalType":"Group","RightName":"WriteDacl","IsInherited":false},{"PrincipalSID":"S-1-5-21-34578074-2152995052-3078664315-519","PrincipalType":"Group","RightName":"WriteOwner","IsInherited":false},{"PrincipalSID":"S-1-5-21-34578074-2152995052-3078664315-519","PrincipalType":"Group","RightName":"GenericWrite","IsInherited":false}],"ObjectIdentifier":"B9928501-8435-44F6-B72D-72AFC2C99BA9","IsDeleted":false,"IsACLProtected":true,"ContainedBy":null},{"Properties":{"domain":"PWNYFARM.LOCAL","name":"LOCAL ADMINISTRATOR CLEANUP POLICY@PWNYFARM.LOCAL","distinguishedname":"CN={98F63AF0-BD83-45C9-A05D-CB65B19C7F7C},CN=POLICIES,CN=SYSTEM,DC=PWNYFARM,DC=LOCAL","domainsid":"S-1-5-21-34578074-2152995052-3078664315","highvalue":false,"description":null,"whencreated":1698760019,"gpcpath":"\\\\PWNYFARM.LOCAL\\SYSVOL\\PWNYFARM.LOCAL\\POLICIES\\{98F63AF0-BD83-45C9-A05D-CB65B19C7F7C}"},"Aces":[{"PrincipalSID":"S-1-5-21-34578074-2152995052-3078664315-512","PrincipalType":"Group","RightName":"Owns","IsInherited":false},{"PrincipalSID":"S-1-5-21-34578074-2152995052-3078664315-512","PrincipalType":"Group","RightName":"WriteDacl","IsInherited":false},{"PrincipalSID":"S-1-5-21-34578074-2152995052-3078664315-512","PrincipalType":"Group","RightName":"WriteOwner","IsInherited":false},{"PrincipalSID":"S-1-5-21-34578074-2152995052-3078664315-512","PrincipalType":"Group","RightName":"GenericWrite","IsInherited":false},{"PrincipalSID":"S-1-5-21-34578074-2152995052-3078664315-519","PrincipalType":"Group","RightName":"WriteDacl","IsInherited":false},{"PrincipalSID":"S-1-5-21-34578074-2152995052-3078664315-519","PrincipalType":"Group","RightName":"WriteOwner","IsInherited":false},{"PrincipalSID":"S-1-5-21-34578074-2152995052-3078664315-519","PrincipalType":"Group","RightName":"GenericWrite","IsInherited":false}],"ObjectIdentifier":"465A6B52-D347-40B9-854D-25585A4C3329","IsDeleted":false,"IsACLProtected":true,"ContainedBy":null},{"Properties":{"domain":"PWNYFARM.LOCAL","name":"T2 - GENERAL SECURITY BASELINE@PWNYFARM.LOCAL","distinguishedname":"CN={9227728E-663A-4DCF-A920-1642F38C887B},CN=POLICIES,CN=SYSTEM,DC=PWNYFARM,DC=LOCAL","domainsid":"S-1-5-21-34578074-2152995052-3078664315","highvalue":false,"description":null,"whencreated":1698760977,"gpcpath":"\\\\PWNYFARM.LOCAL\\SYSVOL\\PWNYFARM.LOCAL\\POLICIES\\{9227728E-663A-4DCF-A920-1642F38C887B}"},"Aces":[{"PrincipalSID":"S-1-5-21-34578074-2152995052-3078664315-512","PrincipalType":"Group","RightName":"Owns","IsInherited":false},{"PrincipalSID":"S-1-5-21-34578074-2152995052-3078664315-512","PrincipalType":"Group","RightName":"WriteDacl","IsInherited":false},{"PrincipalSID":"S-1-5-21-34578074-2152995052-3078664315-512","PrincipalType":"Group","RightName":"WriteOwner","IsInherited":false},{"PrincipalSID":"S-1-5-21-34578074-2152995052-3078664315-512","PrincipalType":"Group","RightName":"GenericWrite","IsInherited":false},{"PrincipalSID":"S-1-5-21-34578074-2152995052-3078664315-519","PrincipalType":"Group","RightName":"WriteDacl","IsInherited":false},{"PrincipalSID":"S-1-5-21-34578074-2152995052-3078664315-519","PrincipalType":"Group","RightName":"WriteOwner","IsInherited":false},{"PrincipalSID":"S-1-5-21-34578074-2152995052-3078664315-519","PrincipalType":"Group","RightName":"GenericWrite","IsInherited":false}],"ObjectIdentifier":"835AA55A-58C7-41D4-BB29-BA9ACE65BB4A","IsDeleted":false,"IsACLProtected":true,"ContainedBy":null},{"Properties":{"domain":"PWNYFARM.LOCAL","name":"T2 - SECURITY BASELINE NOTEBOOKS@PWNYFARM.LOCAL","distinguishedname":"CN={1B0D9705-4BF5-4B3F-BF44-89D971D63F03},CN=POLICIES,CN=SYSTEM,DC=PWNYFARM,DC=LOCAL","domainsid":"S-1-5-21-34578074-2152995052-3078664315","highvalue":false,"description":null,"whencreated":1698760748,"gpcpath":"\\\\PWNYFARM.LOCAL\\SYSVOL\\PWNYFARM.LOCAL\\POLICIES\\{1B0D9705-4BF5-4B3F-BF44-89D971D63F03}"},"Aces":[{"PrincipalSID":"S-1-5-21-34578074-2152995052-3078664315-512","PrincipalType":"Group","RightName":"Owns","IsInherited":false},{"PrincipalSID":"S-1-5-21-34578074-2152995052-3078664315-512","PrincipalType":"Group","RightName":"WriteDacl","IsInherited":false},{"PrincipalSID":"S-1-5-21-34578074-2152995052-3078664315-512","PrincipalType":"Group","RightName":"WriteOwner","IsInherited":false},{"PrincipalSID":"S-1-5-21-34578074-2152995052-3078664315-512","PrincipalType":"Group","RightName":"GenericWrite","IsInherited":false},{"PrincipalSID":"S-1-5-21-34578074-2152995052-3078664315-519","PrincipalType":"Group","RightName":"WriteDacl","IsInherited":false},{"PrincipalSID":"S-1-5-21-34578074-2152995052-3078664315-519","PrincipalType":"Group","RightName":"WriteOwner","IsInherited":false},{"PrincipalSID":"S-1-5-21-34578074-2152995052-3078664315-519","PrincipalType":"Group","RightName":"GenericWrite","IsInherited":false}],"ObjectIdentifier":"57194779-B43E-41FC-95E0-7AF7D13393FC","IsDeleted":false,"IsACLProtected":true,"ContainedBy":null},{"Properties":{"domain":"PWNYFARM.LOCAL","name":"T0 - SECURITY BASELINE PAWS@PWNYFARM.LOCAL","distinguishedname":"CN={43CEB14A-B596-49FF-99FB-6B9B7BF5DB96},CN=POLICIES,CN=SYSTEM,DC=PWNYFARM,DC=LOCAL","domainsid":"S-1-5-21-34578074-2152995052-3078664315","highvalue":false,"description":null,"whencreated":1698759640,"gpcpath":"\\\\PWNYFARM.LOCAL\\SYSVOL\\PWNYFARM.LOCAL\\POLICIES\\{43CEB14A-B596-49FF-99FB-6B9B7BF5DB96}"},"Aces":[{"PrincipalSID":"S-1-5-21-34578074-2152995052-3078664315-512","PrincipalType":"Group","RightName":"Owns","IsInherited":false},{"PrincipalSID":"S-1-5-21-34578074-2152995052-3078664315-512","PrincipalType":"Group","RightName":"WriteDacl","IsInherited":false},{"PrincipalSID":"S-1-5-21-34578074-2152995052-3078664315-512","PrincipalType":"Group","RightName":"WriteOwner","IsInherited":false},{"PrincipalSID":"S-1-5-21-34578074-2152995052-3078664315-512","PrincipalType":"Group","RightName":"GenericWrite","IsInherited":false},{"PrincipalSID":"S-1-5-21-34578074-2152995052-3078664315-519","PrincipalType":"Group","RightName":"WriteDacl","IsInherited":false},{"PrincipalSID":"S-1-5-21-34578074-2152995052-3078664315-519","PrincipalType":"Group","RightName":"WriteOwner","IsInherited":false},{"PrincipalSID":"S-1-5-21-34578074-2152995052-3078664315-519","PrincipalType":"Group","RightName":"GenericWrite","IsInherited":false}],"ObjectIdentifier":"8BD365C4-0F26-466C-B0AB-6748018792C3","IsDeleted":false,"IsACLProtected":true,"ContainedBy":null},{"Properties":{"domain":"PWNYFARM.LOCAL","name":"T0 - SECURITY BASELINE SERVERS@PWNYFARM.LOCAL","distinguishedname":"CN={3192978C-D5A5-46B3-BE4F-6489F649B1F0},CN=POLICIES,CN=SYSTEM,DC=PWNYFARM,DC=LOCAL","domainsid":"S-1-5-21-34578074-2152995052-3078664315","highvalue":false,"description":null,"whencreated":1698751983,"gpcpath":"\\\\PWNYFARM.LOCAL\\SYSVOL\\PWNYFARM.LOCAL\\POLICIES\\{3192978C-D5A5-46B3-BE4F-6489F649B1F0}"},"Aces":[{"PrincipalSID":"S-1-5-21-34578074-2152995052-3078664315-512","PrincipalType":"Group","RightName":"Owns","IsInherited":false},{"PrincipalSID":"S-1-5-21-34578074-2152995052-3078664315-512","PrincipalType":"Group","RightName":"WriteDacl","IsInherited":false},{"PrincipalSID":"S-1-5-21-34578074-2152995052-3078664315-512","PrincipalType":"Group","RightName":"WriteOwner","IsInherited":false},{"PrincipalSID":"S-1-5-21-34578074-2152995052-3078664315-512","PrincipalType":"Group","RightName":"GenericWrite","IsInherited":false},{"PrincipalSID":"S-1-5-21-34578074-2152995052-3078664315-519","PrincipalType":"Group","RightName":"WriteDacl","IsInherited":false},{"PrincipalSID":"S-1-5-21-34578074-2152995052-3078664315-519","PrincipalType":"Group","RightName":"WriteOwner","IsInherited":false},{"PrincipalSID":"S-1-5-21-34578074-2152995052-3078664315-519","PrincipalType":"Group","RightName":"GenericWrite","IsInherited":false}],"ObjectIdentifier":"D27C5165-3C9E-48BF-B875-ECC0E67B1885","IsDeleted":false,"IsACLProtected":true,"ContainedBy":null},{"Properties":{"domain":"PWNYFARM.LOCAL","name":"T1 - SECURITY BASELINE PAWS@PWNYFARM.LOCAL","distinguishedname":"CN={34E2D846-B283-4ADD-9784-B0B65E8656A6},CN=POLICIES,CN=SYSTEM,DC=PWNYFARM,DC=LOCAL","domainsid":"S-1-5-21-34578074-2152995052-3078664315","highvalue":false,"description":null,"whencreated":1698751941,"gpcpath":"\\\\PWNYFARM.LOCAL\\SYSVOL\\PWNYFARM.LOCAL\\POLICIES\\{34E2D846-B283-4ADD-9784-B0B65E8656A6}"},"Aces":[{"PrincipalSID":"S-1-5-21-34578074-2152995052-3078664315-512","PrincipalType":"Group","RightName":"Owns","IsInherited":false},{"PrincipalSID":"S-1-5-21-34578074-2152995052-3078664315-512","PrincipalType":"Group","RightName":"WriteDacl","IsInherited":false},{"PrincipalSID":"S-1-5-21-34578074-2152995052-3078664315-512","PrincipalType":"Group","RightName":"WriteOwner","IsInherited":false},{"PrincipalSID":"S-1-5-21-34578074-2152995052-3078664315-512","PrincipalType":"Group","RightName":"GenericWrite","IsInherited":false},{"PrincipalSID":"S-1-5-21-34578074-2152995052-3078664315-519","PrincipalType":"Group","RightName":"WriteDacl","IsInherited":false},{"PrincipalSID":"S-1-5-21-34578074-2152995052-3078664315-519","PrincipalType":"Group","RightName":"WriteOwner","IsInherited":false},{"PrincipalSID":"S-1-5-21-34578074-2152995052-3078664315-519","PrincipalType":"Group","RightName":"GenericWrite","IsInherited":false}],"ObjectIdentifier":"23FEF9E7-1B70-4F51-A70F-40F6DC9A248A","IsDeleted":false,"IsACLProtected":true,"ContainedBy":null},{"Properties":{"domain":"PWNYFARM.LOCAL","name":"T2 - SECURITY BASELINE PAWS@PWNYFARM.LOCAL","distinguishedname":"CN={BA58E99F-D920-44F4-BB54-E473E929F6C0},CN=POLICIES,CN=SYSTEM,DC=PWNYFARM,DC=LOCAL","domainsid":"S-1-5-21-34578074-2152995052-3078664315","highvalue":false,"description":null,"whencreated":1698751864,"gpcpath":"\\\\PWNYFARM.LOCAL\\SYSVOL\\PWNYFARM.LOCAL\\POLICIES\\{BA58E99F-D920-44F4-BB54-E473E929F6C0}"},"Aces":[{"PrincipalSID":"S-1-5-21-34578074-2152995052-3078664315-512","PrincipalType":"Group","RightName":"Owns","IsInherited":false},{"PrincipalSID":"S-1-5-21-34578074-2152995052-3078664315-512","PrincipalType":"Group","RightName":"WriteDacl","IsInherited":false},{"PrincipalSID":"S-1-5-21-34578074-2152995052-3078664315-512","PrincipalType":"Group","RightName":"WriteOwner","IsInherited":false},{"PrincipalSID":"S-1-5-21-34578074-2152995052-3078664315-512","PrincipalType":"Group","RightName":"GenericWrite","IsInherited":false},{"PrincipalSID":"S-1-5-21-34578074-2152995052-3078664315-519","PrincipalType":"Group","RightName":"WriteDacl","IsInherited":false},{"PrincipalSID":"S-1-5-21-34578074-2152995052-3078664315-519","PrincipalType":"Group","RightName":"WriteOwner","IsInherited":false},{"PrincipalSID":"S-1-5-21-34578074-2152995052-3078664315-519","PrincipalType":"Group","RightName":"GenericWrite","IsInherited":false}],"ObjectIdentifier":"A620BE02-F3F2-4707-8FA8-E7FD7E948E2C","IsDeleted":false,"IsACLProtected":true,"ContainedBy":null},{"Properties":{"domain":"PWNYFARM.LOCAL","name":"T1 - SECURITY BASELINE SERVERS@PWNYFARM.LOCAL","distinguishedname":"CN={DCAD5176-DF50-495A-AF09-7BD28C01E41F},CN=POLICIES,CN=SYSTEM,DC=PWNYFARM,DC=LOCAL","domainsid":"S-1-5-21-34578074-2152995052-3078664315","highvalue":false,"description":null,"whencreated":1698751812,"gpcpath":"\\\\PWNYFARM.LOCAL\\SYSVOL\\PWNYFARM.LOCAL\\POLICIES\\{DCAD5176-DF50-495A-AF09-7BD28C01E41F}"},"Aces":[{"PrincipalSID":"S-1-5-21-34578074-2152995052-3078664315-512","PrincipalType":"Group","RightName":"Owns","IsInherited":false},{"PrincipalSID":"S-1-5-21-34578074-2152995052-3078664315-512","PrincipalType":"Group","RightName":"WriteDacl","IsInherited":false},{"PrincipalSID":"S-1-5-21-34578074-2152995052-3078664315-512","PrincipalType":"Group","RightName":"WriteOwner","IsInherited":false},{"PrincipalSID":"S-1-5-21-34578074-2152995052-3078664315-512","PrincipalType":"Group","RightName":"GenericWrite","IsInherited":false},{"PrincipalSID":"S-1-5-21-34578074-2152995052-3078664315-519","PrincipalType":"Group","RightName":"WriteDacl","IsInherited":false},{"PrincipalSID":"S-1-5-21-34578074-2152995052-3078664315-519","PrincipalType":"Group","RightName":"WriteOwner","IsInherited":false},{"PrincipalSID":"S-1-5-21-34578074-2152995052-3078664315-519","PrincipalType":"Group","RightName":"GenericWrite","IsInherited":false}],"ObjectIdentifier":"10CFC6B0-CB91-48EB-8C90-C7C31291D5BB","IsDeleted":false,"IsACLProtected":true,"ContainedBy":null},{"Properties":{"domain":"PWNYFARM.LOCAL","name":"T2 - SECURITY BASELINE SERVERS@PWNYFARM.LOCAL","distinguishedname":"CN={FE1F66FD-223F-4187-8EB7-8EAE4E4DDFC7},CN=POLICIES,CN=SYSTEM,DC=PWNYFARM,DC=LOCAL","domainsid":"S-1-5-21-34578074-2152995052-3078664315","highvalue":false,"description":null,"whencreated":1698751791,"gpcpath":"\\\\PWNYFARM.LOCAL\\SYSVOL\\PWNYFARM.LOCAL\\POLICIES\\{FE1F66FD-223F-4187-8EB7-8EAE4E4DDFC7}"},"Aces":[{"PrincipalSID":"S-1-5-21-34578074-2152995052-3078664315-512","PrincipalType":"Group","RightName":"Owns","IsInherited":false},{"PrincipalSID":"S-1-5-21-34578074-2152995052-3078664315-512","PrincipalType":"Group","RightName":"WriteDacl","IsInherited":false},{"PrincipalSID":"S-1-5-21-34578074-2152995052-3078664315-512","PrincipalType":"Group","RightName":"WriteOwner","IsInherited":false},{"PrincipalSID":"S-1-5-21-34578074-2152995052-3078664315-512","PrincipalType":"Group","RightName":"GenericWrite","IsInherited":false},{"PrincipalSID":"S-1-5-21-34578074-2152995052-3078664315-519","PrincipalType":"Group","RightName":"WriteDacl","IsInherited":false},{"PrincipalSID":"S-1-5-21-34578074-2152995052-3078664315-519","PrincipalType":"Group","RightName":"WriteOwner","IsInherited":false},{"PrincipalSID":"S-1-5-21-34578074-2152995052-3078664315-519","PrincipalType":"Group","RightName":"GenericWrite","IsInherited":false}],"ObjectIdentifier":"5A28832A-CC47-430C-83A3-FA077063B4AC","IsDeleted":false,"IsACLProtected":true,"ContainedBy":null},{"Properties":{"domain":"PWNYFARM.LOCAL","name":"T2 - SECURITY BASELINE WORKSTATIONS@PWNYFARM.LOCAL","distinguishedname":"CN={C7DC9F86-F1D4-4E25-B6E2-6F1770C9719E},CN=POLICIES,CN=SYSTEM,DC=PWNYFARM,DC=LOCAL","domainsid":"S-1-5-21-34578074-2152995052-3078664315","highvalue":false,"description":null,"whencreated":1698751770,"gpcpath":"\\\\PWNYFARM.LOCAL\\SYSVOL\\PWNYFARM.LOCAL\\POLICIES\\{C7DC9F86-F1D4-4E25-B6E2-6F1770C9719E}"},"Aces":[{"PrincipalSID":"S-1-5-21-34578074-2152995052-3078664315-512","PrincipalType":"Group","RightName":"Owns","IsInherited":false},{"PrincipalSID":"S-1-5-21-34578074-2152995052-3078664315-512","PrincipalType":"Group","RightName":"WriteDacl","IsInherited":false},{"PrincipalSID":"S-1-5-21-34578074-2152995052-3078664315-512","PrincipalType":"Group","RightName":"WriteOwner","IsInherited":false},{"PrincipalSID":"S-1-5-21-34578074-2152995052-3078664315-512","PrincipalType":"Group","RightName":"GenericWrite","IsInherited":false},{"PrincipalSID":"S-1-5-21-34578074-2152995052-3078664315-519","PrincipalType":"Group","RightName":"WriteDacl","IsInherited":false},{"PrincipalSID":"S-1-5-21-34578074-2152995052-3078664315-519","PrincipalType":"Group","RightName":"WriteOwner","IsInherited":false},{"PrincipalSID":"S-1-5-21-34578074-2152995052-3078664315-519","PrincipalType":"Group","RightName":"GenericWrite","IsInherited":false}],"ObjectIdentifier":"68C35795-5B42-409A-8472-D01CEC48F650","IsDeleted":false,"IsACLProtected":true,"ContainedBy":null},{"Properties":{"domain":"PWNYFARM.LOCAL","name":"T2 - LOGON RESTRICTIONS@PWNYFARM.LOCAL","distinguishedname":"CN={0C83AD4A-BCD6-46C8-8BED-F991A09635AC},CN=POLICIES,CN=SYSTEM,DC=PWNYFARM,DC=LOCAL","domainsid":"S-1-5-21-34578074-2152995052-3078664315","highvalue":false,"description":null,"whencreated":1698751560,"gpcpath":"\\\\PWNYFARM.LOCAL\\SYSVOL\\PWNYFARM.LOCAL\\POLICIES\\{0C83AD4A-BCD6-46C8-8BED-F991A09635AC}"},"Aces":[{"PrincipalSID":"S-1-5-21-34578074-2152995052-3078664315-512","PrincipalType":"Group","RightName":"Owns","IsInherited":false},{"PrincipalSID":"S-1-5-21-34578074-2152995052-3078664315-512","PrincipalType":"Group","RightName":"WriteDacl","IsInherited":false},{"PrincipalSID":"S-1-5-21-34578074-2152995052-3078664315-512","PrincipalType":"Group","RightName":"WriteOwner","IsInherited":false},{"PrincipalSID":"S-1-5-21-34578074-2152995052-3078664315-512","PrincipalType":"Group","RightName":"GenericWrite","IsInherited":false},{"PrincipalSID":"S-1-5-21-34578074-2152995052-3078664315-519","PrincipalType":"Group","RightName":"WriteDacl","IsInherited":false},{"PrincipalSID":"S-1-5-21-34578074-2152995052-3078664315-519","PrincipalType":"Group","RightName":"WriteOwner","IsInherited":false},{"PrincipalSID":"S-1-5-21-34578074-2152995052-3078664315-519","PrincipalType":"Group","RightName":"GenericWrite","IsInherited":false}],"ObjectIdentifier":"159EC317-AD3B-4A4D-A873-75139BD4D6F2","IsDeleted":false,"IsACLProtected":true,"ContainedBy":null},{"Properties":{"domain":"PWNYFARM.LOCAL","name":"T0 - LOGON RESTRICTIONS@PWNYFARM.LOCAL","distinguishedname":"CN={336F3D28-6238-42B9-8465-10200AB981BB},CN=POLICIES,CN=SYSTEM,DC=PWNYFARM,DC=LOCAL","domainsid":"S-1-5-21-34578074-2152995052-3078664315","highvalue":false,"description":null,"whencreated":1698751516,"gpcpath":"\\\\PWNYFARM.LOCAL\\SYSVOL\\PWNYFARM.LOCAL\\POLICIES\\{336F3D28-6238-42B9-8465-10200AB981BB}"},"Aces":[{"PrincipalSID":"S-1-5-21-34578074-2152995052-3078664315-512","PrincipalType":"Group","RightName":"Owns","IsInherited":false},{"PrincipalSID":"S-1-5-21-34578074-2152995052-3078664315-512","PrincipalType":"Group","RightName":"WriteDacl","IsInherited":false},{"PrincipalSID":"S-1-5-21-34578074-2152995052-3078664315-512","PrincipalType":"Group","RightName":"WriteOwner","IsInherited":false},{"PrincipalSID":"S-1-5-21-34578074-2152995052-3078664315-512","PrincipalType":"Group","RightName":"GenericWrite","IsInherited":false},{"PrincipalSID":"S-1-5-21-34578074-2152995052-3078664315-519","PrincipalType":"Group","RightName":"WriteDacl","IsInherited":false},{"PrincipalSID":"S-1-5-21-34578074-2152995052-3078664315-519","PrincipalType":"Group","RightName":"WriteOwner","IsInherited":false},{"PrincipalSID":"S-1-5-21-34578074-2152995052-3078664315-519","PrincipalType":"Group","RightName":"GenericWrite","IsInherited":false}],"ObjectIdentifier":"8648A669-0CC2-4BD5-B7F7-2697D8C233B3","IsDeleted":false,"IsACLProtected":true,"ContainedBy":null}],"meta":{"methods":62463,"type":"gpos","count":16,"version":5}}